stock1,stock2,model_type,w1,w2,pval,snr,zcr,mu,stdev,skewness,profit_without_cost,profit_tax1,profit_tax2,open number,return,std1,skew1,timetrend,pos,int_w1,int_w2,done,StrategyOpenTime,StrategyCloseTime,Open_price,Open_pos,Close_price,Emu
1303,2330,model3,-0.3241305037185733,0.6758694962814267,0.1773110627854477,0.5984820963834905,0.17425333333333326,2.115553064235522,0.0008265118273151012,0.38975269747852986,0,0,0,0,0,0,0,0,0,0.0,0.0,0,0,0,0,0,0,2.115482090199548
1102,1301,model3,-0.362948103910868,0.637051896089132,0.18199785035902866,0.3909478053272902,0.11228000000000014,1.570334027678676,0.0008439669196949304,0.6723086781665241,0,0,0,0,0,0,0,0,0,0.0,0.0,0,0,0,0,0,0,1.5703252394452836
1102,1504,model3,-0.40790703566487774,0.5920929643351224,0.08661602414544721,0.3437153867368246,0.09425333333333337,0.5921520848955,0.0009526281525319508,0.4677715043510027,0,0,0,0,0,0,0,0,0,0.0,0.0,0,0,0,0,0,0,0.5922296425949434
1102,2308,model3,-0.7532343914982208,0.2467656085017792,0.23440692596109644,0.3709732961797777,0.06734666666666671,-1.2545794492731883,0.0012521298176998426,0.6613960554383855,0,0,0,0,0,0,0,0,0,0.0,0.0,0,0,0,0,0,0,-1.2544317638735047
1102,2317,model3,-0.23027845263897234,0.7697215473610277,0.12958012517557568,0.9682688266488102,0.16183999999999996,2.6266846722322468,0.0005094262091312614,0.4831074847940111,0,0,0,0,0,0,0,0,0,0.0,0.0,0,0,0,0,0,0,2.6266598791402793
1102,2409,model3,-0.680325144233361,0.3196748557666391,0.122564133175027,0.4606511731048521,0.0994800000000001,-1.4954918467644394,0.0012498871933713438,0.3052606579675733,0,0,0,0,0,0,0,0,0,0.0,0.0,0,0,0,0,0,0,-1.4955042947333972
1102,2618,model3,0.5919314368337055,0.4080685631662944,0.10883278373759776,0.2681209251484968,0.06446666666666667,3.049824772516764,0.001454226236153683,0.4334700493421053,0,0,0,0,0,0,0,0,0,0.0,0.0,0,0,0,0,0,0,3.049447490729496
1102,2885,model2,-0.3411326154413009,-0.6588673845586991,0.444487518677774,0.302757563135488,0.03931999999999977,-2.699000219185318,0.0021876707291101144,-0.3755810633759039,0,0,0,0,0,0,0,0,0,0.0,0.0,0,0,0,0,0,0,-2.6988950550793906
1102,2887,model3,0.2438734790775363,0.7561265209224638,0.0649289453682052,1.3514045025429249,0.19837333333333315,2.7080090928742333,0.0015708536347551609,-0.07502354645097307,0,0,0,0,0,0,0,0,0,0.0,0.0,0,0,0,0,0,0,2.7079800696070917
1102,2892,model2,-0.16733421993665948,-0.8326657800633405,0.4350341868739555,0.8068356555772015,0.20086666666666675,-2.9056861058190226,0.0009904287708252326,-0.6224554689072265,0,0,0,0,0,0,0,0,0,0.0,0.0,0,0,0,0,0,0,-2.9056668057323938
1102,3481,model3,-0.6431851506730538,0.35681484932694624,0.12330568424407852,0.2577007180501431,0.06694666666666671,-1.2870448718649952,0.0013857523146321485,0.7743645038630012,0,0,0,0,0,0,0,0,0,0.0,0.0,0,0,0,0,0,0,-1.2871837612821448
1102,6176,model1,0.5409807916455299,-0.4590192083544701,0.9191163314246396,0.4389441178668627,0.07290666666666666,-5.183469428915455e-05,0.0009945199193021536,-0.1321154491912555,0,0,0,0,0,0,0,0,0,0.0,0.0,0,0,0,0,0,0,-5.754484751755949e-16
1102,6505,model3,-0.3605875131847934,0.6394124868152066,0.04287734899578997,0.05419900379554767,0.03379999999999984,1.64931681163025,0.0015545451468111135,-1.4565303970964716,0,0,0,0,0,0,0,0,0,0.0,0.0,0,0,0,0,0,0,1.6498377144799967
1216,2885,model3,-0.6516636482519669,0.3483363517480331,0.044053032419999964,0.6246058682197589,0.14173333333333338,-1.8841803723775548,0.001065702203390172,-0.04227770418434194,0,0,0,0,0,0,0,0,0,0.0,0.0,0,0,0,0,0,0,-1.8842223452250042
1216,6505,model3,0.5596896028162524,0.4403103971837477,0.024067558180169236,0.13853269235605978,0.0508133333333332,4.289982637489768,0.0009649033539711877,-1.0736726509767047,0,0,0,0,0,0,0,0,0,0.0,0.0,0,0,0,0,0,0,4.29008259898731
1319,2887,model1,0.3920665210461369,-0.6079334789538632,0.9000447455133022,0.28920425335781724,0.019999999999999855,-5.725017125165118e-05,0.001921848332024503,0.2172623058813746,0,0,0,0,0,0,0,0,0,0.0,0.0,0,0,0,0,0,0,4.946183872268149e-16
1101,2887,model3,-0.229746661660946,0.7702533383390541,0.022557238193181044,1.3373931784344606,0.24325333333333346,1.1269759589079924,0.0015594119947556278,0.1518336895680615,0,0,0,0,0,0,0,0,0,0.0,0.0,0,0,0,0,0,0,1.1269565805367798
1101,6505,model1,0.5595534808369063,-0.44044651916309374,0.7366997721264021,0.016255873712948937,0.1400000000000009,0.0013500227309497473,0.002298923362117419,1.6598340720566898,0,0,0,0,0,0,0,0,0,0.0,0.0,0,0,0,0,0,0,-1.4138213924029769e-05
1301,1326,model3,-0.3670976796630347,0.6329023203369653,0.05614737835872567,0.5783684402678371,0.08120000000000005,1.1584343220730935,0.000658269768885546,0.37387279182692457,0,0,0,0,0,0,0,0,0,0.0,0.0,0,0,0,0,0,0,1.158318551716451
1301,2317,model3,-0.2973283004887912,0.7026716995112089,0.06170994151494265,0.4805415624598814,0.08669333333333333,1.8006337258101963,0.0005396244747252708,0.1277897023379104,0,0,0,0,0,0,0,0,0,0.0,0.0,0,0,0,0,0,0,1.8006245884740093
1301,2325,model3,0.5996728744262343,0.4003271255737657,0.16185952360893116,0.6608755861434932,0.27330666666666675,4.163238222247203,0.0005678497322795517,0.3722073828176449,0,0,0,0,0,0,0,0,0,0.0,0.0,0,0,0,0,0,0,4.163243161193465
1301,2454,model3,0.7073140332611731,0.29268596673882685,0.31711055621661666,0.3661397928283328,0.13906666666666664,4.686520136729811,0.0007703194794244732,0.032484131921186515,0,0,0,0,0,0,0,0,0,0.0,0.0,0,0,0,0,0,0,4.686507611379672
1301,2615,model3,0.6853696730483371,0.3146303269516629,0.12365839811388235,0.341592311872385,0.07508000000000023,3.892148372658968,0.0008297568102888429,0.34020263360926106,0,0,0,0,0,0,0,0,0,0.0,0.0,0,0,0,0,0,0,3.892053683201973
1301,2618,model3,0.7190241519464954,0.28097584805350456,0.10835270001015447,0.6706171901884301,0.16869333333333328,3.879252319656704,0.0007621995888685418,0.7818993111861158,0,0,0,0,0,0,0,0,0,0.0,0.0,0,0,0,0,0,0,3.87927928059748
1301,2823,model3,0.6227891455656592,0.3772108544343408,0.14548816718514904,0.5481480558927081,0.1830533333333333,3.9204846896138057,0.0006634206752558242,-0.06058040076401081,0,0,0,0,0,0,0,0,0,0.0,0.0,0,0,0,0,0,0,3.920480518878377
1301,2881,model3,0.6260118102345988,0.3739881897654011,0.16587488820226176,0.52149248100648,0.1300133333333334,4.071081234630189,0.0006240188521047908,0.31107678030496666,0,0,0,0,0,0,0,0,0,0.0,0.0,0,0,0,0,0,0,4.07112222976699
1301,2882,model3,0.5871872921270089,0.4128127078729911,0.07658832825973416,0.4001430279603483,0.2082133333333335,4.017695150299452,0.0006884949538667828,1.2992545503402722,0,0,0,0,0,0,0,0,0,0.0,0.0,0,0,0,0,0,0,4.017706482041153
1301,2892,model2,-0.3660296316692491,-0.6339703683307509,0.5461400971625471,1.3313387138101809,0.27717333333333355,-3.384229580176872,0.000689218377478159,-0.4805879007286875,0,0,0,0,0,0,0,0,0,0.0,0.0,0,0,0,0,0,0,-3.3842259797443894
1301,4904,model3,-0.3156662145468517,0.6843337854531483,0.08660824029158179,0.4205082976840141,0.07456000000000004,1.6207740876776662,0.00046669039397078136,0.4580034661380391,0,0,0,0,0,0,0,0,0,0.0,0.0,0,0,0,0,0,0,1.6207342521638477
1301,6176,model3,-0.5335366496705379,0.4664633503294618,0.06007487494068243,0.4643904569473745,0.11913333333333324,-0.4982572896107798,0.0008453455423832807,0.2273996861406179,0,0,0,0,0,0,0,0,0,0.0,0.0,0,0,0,0,0,0,-0.4983704459480373
1301,6505,model3,-0.5663789141771223,0.4336210858228777,0.016112911335594872,0.13024556244822788,0.046666666666666995,-0.5373612628444792,0.0010197199842190104,-1.160107480283971,0,0,0,0,0,0,0,0,0,0.0,0.0,0,0,0,0,0,0,-0.5372651976411001
1301,9910,model3,-0.7621964200841922,0.2378035799158077,0.19978687116822824,0.4689873528334171,0.23854666666666685,-2.160173164108058,0.0009575432924869557,-0.3985408250169706,0,0,0,0,0,0,0,0,0,0.0,0.0,0,0,0,0,0,0,-2.1601460544795987
1326,2201,model3,0.6364211218846041,0.3635788781153959,0.03341127086733766,0.35818153777601003,0.06521333333333335,3.9791332552768495,0.0008556457474762507,0.4015806208345721,0,0,0,0,0,0,0,0,0,0.0,0.0,0,0,0,0,0,0,3.978981680819172
1326,2317,model3,-0.37198575620629415,-0.6280142437937059,0.007134547067172019,0.2719776587471269,0.030679999999999832,-4.388797894664408,0.0007728498622727865,-0.06162246776999285,0,0,0,0,0,0,0,0,0,0.0,0.0,0,0,0,0,0,0,-4.38872531718871
1326,2409,model3,-0.9958642882533704,-0.0041357117466297565,0.01998844372185081,0.2879188675298885,0.03329333333333322,-4.350265548983773,0.0012162746034619734,-0.3677037702279032,0,0,0,0,0,0,0,0,0,0.0,0.0,0,0,0,0,0,0,-4.350194020672204
1326,2823,model3,-0.7493015133280837,-0.25069848667191624,0.0741192892406456,0.4804410889938809,0.0749733333333334,-4.0673013438674985,0.0008111480913995622,-0.35156681901096776,0,0,0,0,0,0,0,0,0,0.0,0.0,0,0,0,0,0,0,-4.067162144709611
1326,2882,model3,0.6867153520596887,0.31328464794031124,0.02723246182515086,0.3350673460556986,0.07603999999999997,4.099780302115184,0.0008728483586361885,1.3434199809053935,0,0,0,0,0,0,0,0,0,0.0,0.0,0,0,0,0,0,0,4.0995761644664395
1326,2884,model3,0.821395085786487,0.1786049142135131,0.04468175035222725,0.311198498123732,0.06009333333333365,4.10026227191172,0.0010709277693968986,1.1631877474341417,0,0,0,0,0,0,0,0,0,0.0,0.0,0,0,0,0,0,0,4.100034788896652
1326,2885,model3,0.6927330436317117,0.3072669563682883,0.010324564659489024,0.3756414285663819,0.09349333333333323,3.7491586222746003,0.0011395488614057425,0.585479566527994,0,0,0,0,0,0,0,0,0,0.0,0.0,0,0,0,0,0,0,3.7490466806587754
1326,2892,model2,0.3452609847529945,0.6547390152470055,0.15114712739778635,0.7023695104095076,0.22155999999999998,3.3522702794996264,0.000866937657417296,0.8443936097441409,0,0,0,0,0,0,0,0,0,0.0,0.0,0,0,0,0,0,0,3.352198737865524
1326,3034,model3,0.7644985670752263,0.2355014329247737,0.06637467470554906,0.6254710434351428,0.14090666666666668,4.458987909509419,0.0009394203406948349,-0.043692179934843985,0,0,0,0,0,0,0,0,0,0.0,0.0,0,0,0,0,0,0,4.458920431643632
1326,3481,model3,-0.8725842755279298,-0.12741572447207014,0.022958923974405458,0.2956323517608726,0.04465333333333325,-4.1067974362264845,0.001074685796571106,0.097756588323312,0,0,0,0,0,0,0,0,0,0.0,0.0,0,0,0,0,0,0,-4.106735090777866
1326,4904,model1,0.5011728827289678,-0.4988271172710323,0.7724766157722089,0.4984430642763176,0.06325333333333329,6.354040711261296e-06,0.00057935699979425,0.1482191853757655,0,0,0,0,0,0,0,0,0,0.0,0.0,0,0,0,0,0,0,6.230188023135224e-06
1326,6176,model3,-0.6908066160459566,0.3091933839540435,0.005514638020981469,0.34651717345339444,0.11179999999999986,-1.7996717279430907,0.0008398411240903406,-0.5076212424139999,0,0,0,0,0,0,0,0,0,0.0,0.0,0,0,0,0,0,0,-1.799672682438382
1326,6505,model3,-0.6234061800581594,0.3765938199418406,0.015411309518047719,0.13369626797218098,0.0427599999999999,-1.0398195114926099,0.0011478840608160992,-1.2708871694212118,0,0,0,0,0,0,0,0,0,0.0,0.0,0,0,0,0,0,0,-1.0395005267022295
1326,9904,model3,-0.7652494577874437,0.2347505422125563,0.021576990998993482,0.3875552645177158,0.04916,-2.4594649883946547,0.0008917350701934961,-0.7841117405390979,0,0,0,0,0,0,0,0,0,0.0,0.0,0,0,0,0,0,0,-2.459344060966032
1504,2201,model3,0.4694779441472948,0.5305220558527052,0.0228001734742158,1.1099616996789972,0.20394666666666647,3.3032903266128373,0.0006609821038331754,0.09368119982077973,0,0,0,0,0,0,0,0,0,0.0,0.0,0,0,0,0,0,0,3.303272805915289
1504,2325,model3,0.5664005628958118,0.4335994371041883,0.0746610715754139,0.39010700674578297,0.08850666666666658,3.541661283684596,0.0008271481536502218,-0.053022885786912284,0,0,0,0,0,0,0,0,0,0.0,0.0,0,0,0,0,0,0,3.5416847036394214
1504,2409,model3,-0.7672258626941425,0.2327741373058575,0.057824452252666664,0.23180776838374395,0.07697333333333345,-1.9665171342892167,0.00144847292165918,-0.3885035185838305,0,0,0,0,0,0,0,0,0,0.0,0.0,0,0,0,0,0,0,-1.966650577742484
1504,2454,model3,0.6552401602512609,0.34475983974873914,0.15781502402778375,0.6196893089028456,0.11269333333333335,4.0445831758553865,0.0008328267167714916,0.6226829372431556,0,0,0,0,0,0,0,0,0,0.0,0.0,0,0,0,0,0,0,4.044605688881836
1504,2610,model3,0.54125703168273,0.4587429683172699,0.11412118764044173,0.4077634136334501,0.09237333333333336,2.799190068766563,0.0007874381915725767,-0.07194363406889061,0,0,0,0,0,0,0,0,0,0.0,0.0,0,0,0,0,0,0,2.7992150624120873
1504,2880,model3,0.4225348229296076,0.5774651770703925,0.054752676914040274,0.5203291389864015,0.12247999999999998,3.0129703282658378,0.0009499150157718182,-0.31043792494860145,0,0,0,0,0,0,0,0,0,0.0,0.0,0,0,0,0,0,0,3.013126855518614
1504,2881,model3,0.6065948044309477,0.3934051955690521,0.11703254881694168,0.34793757096236305,0.05414666666666666,3.4078528057386013,0.0008878228983267523,-0.2569776893837967,0,0,0,0,0,0,0,0,0,0.0,0.0,0,0,0,0,0,0,3.4079044981566824
1504,2882,model3,0.5315148030517479,0.4684851969482521,0.039126184763812494,0.35266337473529874,0.12306666666666648,3.4036696932484385,0.0007868130860911015,1.084679715391426,0,0,0,0,0,0,0,0,0,0.0,0.0,0,0,0,0,0,0,3.40359242427675
1504,2885,model3,0.5682860591214287,0.43171394087857135,0.009277581290797443,0.56461827086181,0.12305333333333335,2.8951207578846536,0.0012868063142941573,0.34515612777239685,0,0,0,0,0,0,0,0,0,0.0,0.0,0,0,0,0,0,0,2.895116200841406
1504,2887,model3,0.3689569910474773,0.6310430089525226,0.006058022085755234,2.576255898688661,0.3645199999999996,2.797371808425187,0.0011673487346650546,-0.3162035974967879,0,0,0,0,0,0,0,0,0,0.0,0.0,0,0,0,0,0,0,2.797364701675595
1504,2892,model3,0.2742711534573831,0.7257288465426169,0.007652390411643057,1.3723824872125738,0.21888000000000013,2.950085497804505,0.0007931108840189476,0.7350677527486802,0,0,0,0,0,0,0,0,0,0.0,0.0,0,0,0,0,0,0,2.9500815909385287
1504,4904,model3,-0.2805628943664194,0.7194371056335805,0.07099125238447761,0.5040734800788856,0.07334666666666666,2.227340045631224,0.0004872074437967307,0.3126017103757781,0,0,0,0,0,0,0,0,0,0.0,0.0,0,0,0,0,0,0,2.227296083790349
1504,6176,model3,-0.5276425560566145,0.4723574439433856,0.04710077230611194,0.3456891542359857,0.09168,0.1144440932007624,0.0009919960472388203,0.25964592488226,0,0,0,0,0,0,0,0,0,0.0,0.0,0,0,0,0,0,0,0.1143426643325232
1504,6505,model3,-0.2857758237124248,0.7142241762875752,0.00343789481347384,0.04818709281659669,0.03543999999999986,2.2407901980667644,0.0017757066162722094,-1.404478880465042,0,0,0,0,0,0,0,0,0,0.0,0.0,0,0,0,0,0,0,2.241404155708382
1504,9910,model3,-0.7226092194438204,0.2773907805561796,0.031809171168019845,0.4958487494304995,0.13850666666666672,-1.021918545236936,0.001044900365370092,-0.1495852101866147,0,0,0,0,0,0,0,0,0,0.0,0.0,0,0,0,0,0,0,-1.021892662587415
1536,2885,model3,-0.5286565007305521,0.4713434992694479,0.012266752609333636,0.4337053832067962,0.07124000000000005,-1.5139490070203994,0.0019346909875923074,-0.015761905975600315,0,0,0,0,0,0,0,0,0,0.0,0.0,0,0,0,0,0,0,-1.5139861774331091
1536,2887,model3,-0.14500600608253794,0.8549939939174621,0.023432267137998584,1.1798856863998792,0.18997333333333324,1.4231985589481846,0.0017702000973801606,0.10730139275991037,0,0,0,0,0,0,0,0,0,0.0,0.0,0,0,0,0,0,0,1.4232802992748044
1590,2324,model3,-0.4690507064471354,-0.5309492935528646,0.13408746611854472,0.053129191426855335,0.07333333333333424,-4.193219516427119,0.0026334309679737463,-1.2727935954707041,0,0,0,0,0,0,0,0,0,0.0,0.0,0,0,0,0,0,0,-4.192133928448497
2049,2308,model3,-0.6489326201802328,0.3510673798197673,0.3930981683224604,0.22350646765831253,0.08775999999999995,-1.4471409449160393,0.002028575003802855,-0.652266579775611,0,0,0,0,0,0,0,0,0,0.0,0.0,0,0,0,0,0,0,-1.4468575832882578
2049,2317,model3,-0.14184596287812248,0.8581540371218775,0.044169781116193546,0.6846346593591849,0.16650666666666664,3.0770572153884665,0.0005708607004997171,-0.4289075442277476,0,0,0,0,0,0,0,0,0,0.0,0.0,0,0,0,0,0,0,3.0770631401651505
2049,2887,model1,0.33560508084615115,-0.6643949191538489,0.9891861467355424,0.30886330473369106,0.05411999999999989,-6.62048025136904e-05,0.002270301401225418,-0.29551636441459395,0,0,0,0,0,0,0,0,0,0.0,0.0,0,0,0,0,0,0,8.688752978011976e-16
2049,6176,model1,0.4408684071635711,-0.5591315928364289,0.9770644952008072,0.350125204838532,0.055026666666666654,2.495830289100572e-06,0.0013366288388885774,0.04405844000665814,0,0,0,0,0,0,0,0,0,0.0,0.0,0,0,0,0,0,0,2.5529658159142264e-15
2049,9910,model3,-0.5153596317045159,0.484640368295484,0.07220071199682299,0.15573053067886047,0.05901333333333333,-0.1923484253525994,0.0022439469932883454,-1.1728221244962638,0,0,0,0,0,0,0,0,0,0.0,0.0,0,0,0,0,0,0,-0.19196085632118137
2201,2308,model3,0.8200540335650384,0.17994596643496175,0.21234582339116406,0.6361582484653016,0.10862666666666657,3.629355532478436,0.0009376187391679805,-0.2765755006478443,0,0,0,0,0,0,0,0,0,0.0,0.0,0,0,0,0,0,0,3.6293096586334124
2201,2317,model3,0.30308765573107915,0.6969123442689208,0.05382025289943012,0.3131466869951249,0.05785333333333335,4.075980448545241,0.0006941750196549554,0.7253068766904741,0,0,0,0,0,0,0,0,0,0.0,0.0,0,0,0,0,0,0,4.0758970515839525
2201,2325,model3,-0.5835184984313346,0.4164815015686653,0.06361276775687516,0.7119458195848948,0.1010799999999999,-0.3224366395459091,0.0007471070244118637,0.07004574717623507,0,0,0,0,0,0,0,0,0,0.0,0.0,0,0,0,0,0,0,-0.3223951000772786
2201,2618,model3,-0.6907894200782941,0.3092105799217057,0.05665358172081088,0.7785637751449646,0.15148000000000014,-1.4698762840841235,0.0009606268979595682,0.20171849323813007,0,0,0,0,0,0,0,0,0,0.0,0.0,0,0,0,0,0,0,-1.4698758220253212
2201,2880,model3,-0.4894885130522847,0.5105114869477154,0.055539617737268565,0.6294838205773404,0.14388000000000006,-0.18802162502158828,0.0009498888726486717,-0.02010379526295909,0,0,0,0,0,0,0,0,0,0.0,0.0,0,0,0,0,0,0,-0.18788182925899646
2201,2887,model3,-0.3989657216508162,0.6010342783491839,0.003155738613894677,2.67104308647002,0.4194399999999993,0.18560881544093447,0.0011390091438667565,-0.2649576826623214,0,0,0,0,0,0,0,0,0,0.0,0.0,0,0,0,0,0,0,0.18560949857824502
2201,6176,model3,0.5642532279531604,0.4357467720468397,0.05107931233972229,0.4322940851938358,0.13995999999999978,3.577503040710279,0.0009958719799575248,0.966064274700302,0,0,0,0,0,0,0,0,0,0.0,0.0,0,0,0,0,0,0,3.577381460324319
2201,6285,model3,-0.7471981300720675,0.2528018699279325,0.6392808727734677,0.8404264823124301,0.14712000000000006,-1.36409728458893,0.0008039524930511133,0.3114364051317834,0,0,0,0,0,0,0,0,0,0.0,0.0,0,0,0,0,0,0,-1.3640626032404088
2201,6505,model3,-0.6934456421412641,-0.30655435785873586,0.0015484797118215706,0.37858951770732296,0.11871999999999995,-3.664256122370929,0.0009526851544764268,-0.08719897014224348,0,0,0,0,0,0,0,0,0,0.0,0.0,0,0,0,0,0,0,-3.6642044152321986
2105,2454,model3,-0.6987728886381136,0.30122711136188635,0.08729300318709983,0.3771296674861105,0.11927999999999996,-1.270912799616284,0.0007936175044931653,-0.21513289674160407,0,0,0,0,0,0,0,0,0,0.0,0.0,0,0,0,0,0,0,-1.2709592636181888
2105,2618,model3,-0.7414329582985858,0.2585670417014143,0.027122965585804296,0.4939941507319468,0.09256000000000003,-2.413815795048692,0.0009461558181488645,-0.4791609945919022,0,0,0,0,0,0,0,0,0,0.0,0.0,0,0,0,0,0,0,-2.413881820668106
2105,2882,model3,-0.610475446613219,0.389524553386781,0.010914430741376213,0.28917895801690924,0.10394666666666677,-1.1760883568711114,0.0008283260842236037,-0.20525543310100086,0,0,0,0,0,0,0,0,0,0.0,0.0,0,0,0,0,0,0,-1.1762314485392016
2303,6176,model2,0.5054132300212775,0.4945867699787224,0.1739957967066372,0.6426242966745533,0.10708000000000016,3.2107829939007426,0.0013064554505547476,0.4790385085005461,0,0,0,0,0,0,0,0,0,0.0,0.0,0,0,0,0,0,0,3.2107605884666284
2313,2325,model3,-0.4942594351267409,0.505740564873259,0.08161660728663757,0.5985373595641028,0.10766666666666663,0.5695105193050806,0.0009187429221649852,0.2421931325387656,0,0,0,0,0,0,0,0,0,0.0,0.0,0,0,0,0,0,0,0.5695566881709009
2313,2618,model3,-0.6442397261522275,0.3557602738477725,0.03436020887250274,0.6132354969435245,0.11242666666666663,-0.8655100078615269,0.001237807393791772,0.17674341724120826,0,0,0,0,0,0,0,0,0,0.0,0.0,0,0,0,0,0,0,-0.8656191769288751
2313,2882,model3,-0.499912850801038,0.500087149198962,0.018516265619665098,0.9142579104930252,0.17833333333333326,0.36281543627870294,0.0008137085529091482,0.044078637425011516,0,0,0,0,0,0,0,0,0,0.0,0.0,0,0,0,0,0,0,0.3628191125468262
2313,2883,model3,-0.5310976787763078,0.4689023212236923,0.2283294328345183,1.2132053683407282,0.15965333333333326,-0.5402054334055287,0.0008419262566891606,0.1202480814255098,0,0,0,0,0,0,0,0,0,0.0,0.0,0,0,0,0,0,0,-0.540163216303524
2313,6505,model3,0.522463547364703,0.4775364526352969,0.001,0.4131044308672582,0.08865333333333326,3.5940744790495804,0.0011251784150002942,0.5353735166197904,0,0,0,0,0,0,0,0,0,0.0,0.0,0,0,0,0,0,0,3.5940112994209295
2308,2324,model3,-0.3271796773850495,0.6728203226149504,0.1692660262413646,0.2473082524020417,0.07621333333333358,0.3710262429781846,0.0014779962038111408,0.9506451856404852,0,0,0,0,0,0,0,0,0,0.0,0.0,0,0,0,0,0,0,0.37100251770341963
2308,2618,model3,0.30992294290000866,0.6900770570999912,0.21181714790201128,0.3396456414204131,0.06389333333333333,3.3990758494224766,0.0018403932786326925,0.6454442364227182,0,0,0,0,0,0,0,0,0,0.0,0.0,0,0,0,0,0,0,3.3990643932653404
2308,2885,model3,0.24733370218251144,0.7526662978174885,0.2009567392495093,0.5622292933246905,0.10946666666666664,3.039754531801739,0.0022054953678437737,0.029218029186288432,0,0,0,0,0,0,0,0,0,0.0,0.0,0,0,0,0,0,0,3.0397412341231687
2308,2887,model3,0.1114044396972282,0.8885955603027719,0.19136996110640012,1.6003808239139932,0.3076666666666665,2.7937057356337984,0.0017518920458842984,-0.26732207937266605,0,0,0,0,0,0,0,0,0,0.0,0.0,0,0,0,0,0,0,2.7936899465853218
2308,2892,model3,0.10393254152706816,0.8960674584729319,0.20411369737807605,1.7485552304006502,0.29229333333333346,3.0544207382239907,0.0008998622246457641,0.4009403503628203,0,0,0,0,0,0,0,0,0,0.0,0.0,0,0,0,0,0,0,3.0544185422501795
2308,6176,model3,-0.2019814773517323,0.7980185226482677,0.3737491923546313,0.3549163818495956,0.09988000000000012,2.1037245104906046,0.0014259276372450519,0.6619337188268276,0,0,0,0,0,0,0,0,0,0.0,0.0,0,0,0,0,0,0,2.1035490316485994
2308,9910,model3,-0.3821521379807882,0.6178478620192118,0.2077370257341121,0.3846272018805964,0.10597333333333324,1.0847435536829113,0.001914738290880058,0.005417241079086597,0,0,0,0,0,0,0,0,0,0.0,0.0,0,0,0,0,0,0,1.08483877231873
2325,2618,model3,-0.626975806391842,0.37302419360815786,0.12436095208096525,0.7521498901813444,0.14002666666666674,-1.4372876481001455,0.0008048577828794577,-0.3716066183470018,0,0,0,0,0,0,0,0,0,0.0,0.0,0,0,0,0,0,0,-1.4373243727539868
2325,2880,model3,-0.3612709682693115,0.6387290317306885,0.12421476175487807,0.4107276421048621,0.05086666666666651,0.3967340360541217,0.001099940801739082,-0.13924809411286587,0,0,0,0,0,0,0,0,0,0.0,0.0,0,0,0,0,0,0,0.3969777547846351
2325,2882,model3,-0.5164727360197674,0.4835272639802326,0.02047541313310211,0.5025047261231822,0.1347599999999997,-0.29086416771456103,0.0005841279227806309,-0.7961139471760603,0,0,0,0,0,0,0,0,0,0.0,0.0,0,0,0,0,0,0,-0.29094694941012766
2325,2884,model3,-0.6985450342378462,0.30145496576215386,0.013848408522182087,0.3626399149772824,0.08570666666666675,-1.8256927631590611,0.0007921368962751084,-0.22082840730587985,0,0,0,0,0,0,0,0,0,0.0,0.0,0,0,0,0,0,0,-1.8258081255115546
2325,2892,model3,-0.2837731578546226,0.7162268421453775,0.06655799539383199,2.129726367400014,0.2978666666666665,0.9225812235496552,0.0007018233267303058,0.18791764028035945,0,0,0,0,0,0,0,0,0,0.0,0.0,0,0,0,0,0,0,0.922578862914294
2325,6176,model3,0.4491296115915254,0.5508703884084746,0.08667777966132748,0.2333955788267292,0.16078666666666672,3.896254722315136,0.0011111599701059778,1.0698534024840172,0,0,0,0,0,0,0,0,0,0.0,0.0,0,0,0,0,0,0,3.8961238665762643
2325,9910,model3,0.6811575436281492,0.3188424563718508,0.0756501143953717,0.7194037105646044,0.11937333333333315,4.194386197935832,0.0008449951543377856,-0.2391536531958102,0,0,0,0,0,0,0,0,0,0.0,0.0,0,0,0,0,0,0,4.194426978615498
2317,2409,model3,-0.8785129605755473,0.12148703942445273,0.12219809905341855,0.8674123471156661,0.2525866666666668,-3.580496528878653,0.0005971153930776071,-0.4537592344309761,0,0,0,0,0,0,0,0,0,0.0,0.0,0,0,0,0,0,0,-3.5804699631959984
2317,2801,model3,0.6046968764327029,0.3953031235672971,0.049147169824399,0.3963066302639086,0.06753333333333347,3.769199598600263,0.0007629169549819888,0.4743768722239751,0,0,0,0,0,0,0,0,0,0.0,0.0,0,0,0,0,0,0,3.769100698316097
2317,2880,model3,0.6582735748639424,0.3417264251360576,0.007260972233573005,0.29235361573159824,0.06433333333333338,3.8612930681423507,0.0008374208275969119,-0.5014672991614434,0,0,0,0,0,0,0,0,0,0.0,0.0,0,0,0,0,0,0,3.861367250231338
2317,2882,model3,0.760508667157782,0.23949133284221802,0.045426228720372636,0.19035781970320595,0.04962666666666666,4.19752202087622,0.0007983283310104961,0.8341528699191431,0,0,0,0,0,0,0,0,0,0.0,0.0,0,0,0,0,0,0,4.1974290555983504
2317,2884,model3,-0.8669596688307509,-0.13304033116924904,0.011255540857152623,0.13215048887226585,0.040413333333333336,-4.208096002100602,0.001004893335025236,-0.5737818651850034,0,0,0,0,0,0,0,0,0,0.0,0.0,0,0,0,0,0,0,-4.207931493988231
2317,2885,model3,0.7634827957137715,0.2365172042862285,0.04322754664905066,0.28794362806414353,0.039253333333333085,3.9264081686752488,0.0010616268385429657,0.5264104662923255,0,0,0,0,0,0,0,0,0,0.0,0.0,0,0,0,0,0,0,3.9263766101316953
2317,2888,model3,-0.7635784387103985,0.23642156128960135,0.08069614054175579,0.6635164463037149,0.11730666666666673,-2.9332356598726315,0.0005194022393891718,-0.11090967425825916,0,0,0,0,0,0,0,0,0,0.0,0.0,0,0,0,0,0,0,-2.9332452145920316
2317,3481,model3,-0.8587845311851368,0.14121546881486333,0.04164710412887338,0.7792250299600965,0.1775066666666666,-3.4478669044239307,0.0005828049710465209,0.20393519638806065,0,0,0,0,0,0,0,0,0,0.0,0.0,0,0,0,0,0,0,-3.4478834201964523
2317,4904,model3,-0.524628492582599,0.4753715074174009,0.04572083111222308,0.570044606205438,0.1089466666666667,-0.2303492829877164,0.0004095491204309246,-0.3063570597806967,0,0,0,0,0,0,0,0,0,0.0,0.0,0,0,0,0,0,0,-0.23034526726044557
2317,6176,model3,-0.73171916412073,0.26828083587926993,0.023435178502298967,0.5656291138938545,0.11257333333333333,-2.1736751814749145,0.0006137150925017219,-0.05555839511439616,0,0,0,0,0,0,0,0,0,0.0,0.0,0,0,0,0,0,0,-2.1736786422752923
2317,6505,model1,0.5027185140800682,-0.4972814859199318,0.7319761157330739,0.04650832832645647,0.039999999999999716,0.0006570736227279048,0.0013845726315772902,1.6589941620391315,0,0,0,0,0,0,0,0,0,0.0,0.0,0,0,0,0,0,0,0.00013933556713819045
2324,2887,model3,0.2582651037514639,0.7417348962485362,0.17967346124449374,2.4328506603052418,0.3694533333333331,2.639365872656969,0.0013913805746669273,-0.3177686392557731,0,0,0,0,0,0,0,0,0,0.0,0.0,0,0,0,0,0,0,2.6393580825899137
2324,2892,model3,0.1893162916991664,0.8106837083008337,0.17658129297194147,1.666430645439542,0.3704666666666664,2.857811428837377,0.0008449944021163993,0.28019833565309005,0,0,0,0,0,0,0,0,0,0.0,0.0,0,0,0,0,0,0,2.857781057306282
2377,2880,model3,-0.4025968872988698,0.5974031127011302,0.14061256613664558,1.0821885592390508,0.15250666666666673,0.031164179824776324,0.0008942734100933188,0.30614991791946483,0,0,0,0,0,0,0,0,0,0.0,0.0,0,0,0,0,0,0,0.031226686877243885
2356,2887,model3,0.17517126991615206,0.8248287300838479,0.6293926915945534,1.9566858918316576,0.2899866666666663,2.6207010230897385,0.0015383326843688724,-0.3577444346043984,0,0,0,0,0,0,0,0,0,0.0,0.0,0,0,0,0,0,0,2.620659821826165
2356,2892,model3,0.13320321908633945,0.8667967809136605,0.6437576191543171,1.6805833224351456,0.2758000000000001,2.864695198476056,0.0008610243212400887,0.36027297565592137,0,0,0,0,0,0,0,0,0,0.0,0.0,0,0,0,0,0,0,2.8646167447948776
2356,6176,model3,-0.2233054583017723,0.7766945416982277,0.6653790978300288,0.3016553201217944,0.09953333333333357,2.340210610718418,0.0013685744874724454,0.4760888925235931,0,0,0,0,0,0,0,0,0,0.0,0.0,0,0,0,0,0,0,2.339913557913997
2356,6505,model3,-0.15571494528170868,0.8442850547182912,0.10393955006132002,0.04483534216567115,0.039999999999999716,3.270545668944973,0.001954968743506582,-1.4255751928550981,0,0,0,0,0,0,0,0,0,0.0,0.0,0,0,0,0,0,0,3.271009250140021
2356,9910,model3,-0.44061374638999423,0.5593862536100058,0.42595506337008143,0.31561273794371386,0.06322666666666653,1.3476169286601496,0.001777766630422255,-0.4808085501171592,0,0,0,0,0,0,0,0,0,0.0,0.0,0,0,0,0,0,0,1.34786360134501
2409,2885,model2,-0.12437939295648615,-0.8756206070435137,0.3196744594199049,0.27761813092347826,0.056906666666666675,-2.3780443838743675,0.003134163000152923,-0.6505362858466465,0,0,0,0,0,0,0,0,0,-1.0,-5.0,0,0,0,0,0,0,-2.3778940743760044
2409,2887,model2,-0.03116437305411697,-0.9688356269458829,0.3202864280645312,1.0211177980587582,0.11696000000000005,-2.5059187728786947,0.0020732259130607647,-0.14662173519456004,0,0,0,0,0,0,0,0,0,0.0,0.0,0,0,0,0,0,0,-2.505881745600352
2409,2888,model3,-0.2968795005065304,0.7031204994934696,0.15837520351095027,0.36651668450669583,0.08715999999999996,0.5729274058503973,0.0012110587774900796,-0.11780623975759096,0,0,0,0,0,0,0,0,0,0.0,0.0,0,0,0,0,0,0,0.5728883304447328
2409,2892,model2,-0.09100273818942016,-0.9089972618105798,0.3449462424085015,0.7716937186657837,0.1720933333333332,-2.7828737326250668,0.0010758813619530614,-0.71963914217273,0,0,0,0,0,0,0,0,0,0.0,0.0,0,0,0,0,0,0,-2.782845791118226
2409,4904,model2,-0.1116570428363732,0.8883429571636268,0.4160070786107907,0.3708936431034761,0.08232,3.6225344644076896,0.0005837698156690006,-0.006705985867399257,0,0,0,0,0,0,0,0,0,0.0,0.0,0,0,0,0,0,0,3.6225090046837183
2409,6176,model3,-0.2378836700967313,0.7621163299032687,0.0321740678586203,0.24019542028122146,0.0746533333333334,2.4155603659698865,0.001533075527520325,-0.4114504136469118,0,0,0,0,0,0,0,0,0,0.0,0.0,0,0,0,0,0,0,2.41549597636794
2454,2610,model3,-0.3694591854704512,0.6305408145295488,0.2456407652031288,0.5589697944720711,0.14032000000000028,-0.6242907623400087,0.0006362661147540369,-0.059929239863405113,0,0,0,0,0,0,0,0,0,0.0,0.0,0,0,0,0,0,0,-0.6242936732745739
2454,2615,model3,-0.48898669475125794,0.511013305248742,0.25338688952805594,1.0471262521934817,0.16839999999999974,-1.2094500429821649,0.0009469422623918008,0.09268050959142464,0,0,0,0,0,0,0,0,0,0.0,0.0,0,0,0,0,0,0,-1.209461403595952
2454,2618,model3,-0.5243208393121382,0.4756791606878618,0.2562781706738958,0.7394507221276758,0.17146666666666652,-1.6109674229471116,0.0010260241364983891,0.2781057360231429,0,0,0,0,0,0,0,0,0,0.0,0.0,0,0,0,0,0,0,-1.6109839954163334
2454,2801,model3,-0.27049031820040137,0.7295096817995986,0.16351719914615995,0.9590129644876748,0.17574666666666666,0.5560634384262161,0.0009214790812338287,0.004133894179660271,0,0,0,0,0,0,0,0,0,0.0,0.0,0,0,0,0,0,0,0.5560331652464583
2454,2882,model3,-0.4103992224396402,0.5896007775603597,0.08014927143489657,0.2757281802223153,0.054453333333333236,-0.1656482763926559,0.0007658031757255322,-0.10939456659475408,0,0,0,0,0,0,0,0,0,0.0,0.0,0,0,0,0,0,0,-0.16568183800751984
2454,2885,model3,-0.4515799356111761,0.548420064388824,0.1426326950290831,1.0213131839905514,0.14381333333333318,-1.1714409044824257,0.0014070772190140233,-0.16671627333689926,0,0,0,0,0,0,0,0,0,0.0,0.0,0,0,0,0,0,0,-1.17145501915252
2454,2892,model3,-0.20551298338720275,0.7944870166127973,0.11607936208409048,2.1653609642733915,0.2675333333333336,1.1157718049181933,0.0007710797275794922,0.40812970979992014,0,0,0,0,0,0,0,0,0,0.0,0.0,0,0,0,0,0,0,1.1157659629087795
2454,6505,model3,0.2803092520917535,0.7196907479082465,0.04178317026402098,0.06633152296789514,0.033399999999999826,4.741137852049611,0.0015611511946595324,-1.0435019648094606,0,0,0,0,0,0,0,0,0,0.0,0.0,0,0,0,0,0,0,4.741578386188323
2542,2887,model3,-0.32817016710464725,0.6718298328953528,0.03807458820084531,5.15472405911552,0.4333066666666667,0.3809583377670612,0.001153767417128775,-0.29265258127341764,0,0,0,0,0,0,0,0,0,0.0,0.0,0,0,0,0,0,0,0.3809466089768855
2610,2885,model3,-0.5740163686160306,0.42598363138396944,0.10105498686120133,0.7762324321756234,0.13707999999999998,-0.2625539582277773,0.0011595570681127904,-0.019507166857134932,0,0,0,0,0,0,0,0,0,0.0,0.0,0,0,0,0,0,0,-0.2625652656851918
2610,2887,model3,-0.3684851683759224,0.6315148316240775,0.0869591474946453,2.4921511552694238,0.31170666666666663,0.7665973982076602,0.0011570564552587815,-0.2494155450250759,0,0,0,0,0,0,0,0,0,0.0,0.0,0,0,0,0,0,0,0.7665869326542996
2610,2892,model3,-0.2837451078722425,0.7162548921277575,0.08535745866710867,1.4823220474817045,0.20639999999999967,1.3910432184292827,0.0007385423730599198,0.29904812606904896,0,0,0,0,0,0,0,0,0,0.0,0.0,0,0,0,0,0,0,1.3910370090151143
2610,6505,model3,0.3602374812091915,0.6397625187908086,0.032519956309445486,0.05894208111886987,0.03523999999999985,3.6491627576619887,0.0014439728229716578,-1.1702536966810622,0,0,0,0,0,0,0,0,0,0.0,0.0,0,0,0,0,0,0,3.6496184810344046
2610,9910,model3,0.6913632139444678,0.30863678605553224,0.1261711214658722,0.3713747201366249,0.09753333333333344,3.0430461040562684,0.001034204639685259,-0.27104813631903024,0,0,0,0,0,0,0,0,0,0.0,0.0,0,0,0,0,0,0,3.0431184742266195
2603,9910,model3,0.5865255572420689,0.4134744427579311,0.04638770779156198,0.5394965535712832,0.15660000000000004,3.4727685879522117,0.001496171237543727,0.36350506664601295,0,0,0,0,0,0,0,0,0,0.0,0.0,0,0,0,0,0,0,3.4726020374503563
2609,6505,model3,0.6969381939167267,0.3030618060832732,0.001578814900320025,0.9768777810583384,0.19517333333333325,2.7700991296338016,0.0005809128478609503,-0.11403213905991424,0,0,0,0,0,0,0,0,0,0.0,0.0,0,0,0,0,0,0,2.7701088155673483
2618,2881,model3,-0.3902518822755947,0.6097481177244053,0.1185703299562727,1.8023727820451816,0.30150666666666626,1.1537031354171277,0.0006613094366039131,-0.3201999386998976,0,0,0,0,0,0,0,0,0,0.0,0.0,0,0,0,0,0,0,1.1537151785435409
2618,2882,model3,-0.38352168593473,0.6164783140652701,0.024639079022721888,0.8037803052360909,0.11966666666666664,1.1605531907549895,0.0008140224996750265,-0.12160138186628434,0,0,0,0,0,0,0,0,0,0.0,0.0,0,0,0,0,0,0,1.1605121473503086
2618,2884,model3,-0.568575432847446,0.431424567152554,0.006893454801936499,0.4535790394459166,0.08893333333333334,-0.2515201142923591,0.0014200944432483517,-0.1342721787978013,0,0,0,0,0,0,0,0,0,0.0,0.0,0,0,0,0,0,0,-0.2512496475844657
2618,2885,model3,-0.4414076853981958,0.5585923146018041,0.028357008851865918,1.2867577108574064,0.2479066666666669,0.15604627715685002,0.0013889255748594832,-0.1668413865105783,0,0,0,0,0,0,0,0,0,0.0,0.0,0,0,0,0,0,0,0.15625834834055824
2618,2886,model3,-0.37684665090512137,0.6231533490948785,0.097286008636686,0.9708318411021551,0.17110666666666655,0.9764886711398408,0.0007763214880854317,-0.007265594275858347,0,0,0,0,0,0,0,0,0,0.0,0.0,0,0,0,0,0,0,0.9764996365396745
2618,6176,model3,0.3724610788648322,0.6275389211351677,0.05241684488901917,0.2648450467150299,0.09836000000000016,3.446183668815032,0.0015660447959173786,1.243649213494999,0,0,0,0,0,0,0,0,0,0.0,0.0,0,0,0,0,0,0,3.4460239585241004
2618,6505,model3,0.4261088247104526,0.5738911752895474,0.002452156772952541,0.4622887526362948,0.07221333333333338,3.6863146615807993,0.001055925262254125,-0.1019832547401524,0,0,0,0,0,0,0,0,0,0.0,0.0,0,0,0,0,0,0,3.6863625695931264
2615,2880,model3,-0.31265059103180004,0.6873494089682,0.10695632664176596,0.6563889358148994,0.09749333333333343,1.0324976616040562,0.0011266008545008448,-0.21093287978153985,0,0,0,0,0,0,0,0,0,0.0,0.0,0,0,0,0,0,0,1.0326769666381623
2615,2883,model3,-0.4506724561682072,0.5493275438317928,0.2775778357624093,0.8570961792853075,0.14784000000000014,-0.1817553581705715,0.0009017744684521014,0.05561696140269222,0,0,0,0,0,0,0,0,0,0.0,0.0,0,0,0,0,0,0,-0.18163309523226048
2615,2884,model3,-0.6136826402073726,0.3863173597926274,0.02743223418167753,0.47067796261691,0.13011999999999993,-0.6397055266915029,0.0012851087967868909,0.1600682675320654,0,0,0,0,0,0,0,0,0,0.0,0.0,0,0,0,0,0,0,-0.6397169583166981
2615,2885,model3,-0.4790162391482981,0.5209837608517021,0.04032508711776965,1.8191388266450224,0.2542800000000001,-0.14009741056275382,0.0012269769225351115,0.04409592471788227,0,0,0,0,0,0,0,0,0,0.0,0.0,0,0,0,0,0,0,-0.14010197532195712
2615,2887,model3,-0.28636926384741945,0.7136307361525805,0.0927366829541511,3.77515155544703,0.4548533333333335,0.9671774284669268,0.001348212419131264,-0.0947914500671274,0,0,0,0,0,0,0,0,0,0.0,0.0,0,0,0,0,0,0,0.9671905708054108
2615,6505,model3,0.3999781582569388,0.6000218417430612,0.00271049544932158,0.19666234672090305,0.09390666666666657,3.822741852880416,0.0012777957099686624,-0.05305260638219094,0,0,0,0,0,0,0,0,0,0.0,0.0,0,0,0,0,0,0,3.822883031683059
2615,9904,model3,0.4625811266283966,0.5374188733716034,0.0875442155465534,0.5399629447787637,0.07918666666666653,3.335461106823568,0.0009757806961591207,-0.21399977774041765,0,0,0,0,0,0,0,0,0,0.0,0.0,0,0,0,0,0,0,3.3354611896039876
2801,2880,model3,-0.5965122918698361,0.403487708130164,0.06737673768495049,0.6060738756849182,0.14845333333333335,-0.5325784846264326,0.0010660784120643783,-0.08600786787759143,0,0,0,0,0,0,0,0,0,0.0,0.0,0,0,0,0,0,0,-0.5323366558517088
2801,2883,model3,-0.7090771507744508,0.2909228492255492,0.1708887923374686,0.7820382579097982,0.1520133333333331,-1.3908145436695976,0.0009035535547126976,0.06789954026317625,0,0,0,0,0,0,0,0,0,0.0,0.0,0,0,0,0,0,0,-1.3907181384429539
2801,2903,model3,-0.4285136166014696,0.5714863833985304,0.01082581821224498,1.1471314373010189,0.2194399999999998,0.4304346118722033,0.0007883026117739045,-0.4525320289883485,0,0,0,0,0,0,0,0,0,0.0,0.0,0,0,0,0,0,0,0.43048266295902027
2801,6176,model2,-0.7106540233660303,-0.2893459766339696,0.21399646499549105,0.4048355647276623,0.11838666666666678,-3.1188418028049187,0.0011926099354926626,-0.848218195915839,0,0,0,0,0,0,0,0,0,0.0,0.0,0,0,0,0,0,0,-3.1187337087443145
2801,6505,model3,-0.7496950491089557,-0.2503049508910441,0.0017917691036325831,0.7820723059680256,0.1399066666666666,-3.2093057228499573,0.0009718371410976124,-0.08029711079680324,0,0,0,0,0,0,0,0,0,0.0,0.0,0,0,0,0,0,0,-3.2092799756467527
2823,2882,model3,-0.4482966479095898,0.5517033520904101,0.06085152699823351,0.5501888005215784,0.12359999999999988,0.5157890253223789,0.0007278779077651661,0.8924533874222301,0,0,0,0,0,0,0,0,0,0.0,0.0,0,0,0,0,0,0,0.5158271430312853
2823,2884,model3,-0.6773096949761004,0.3226903050238996,0.018387996609697303,0.9078719040768845,0.13809333333333335,-1.2255065797434266,0.0009044284791500837,0.14279654829341967,0,0,0,0,0,0,0,0,0,0.0,0.0,0,0,0,0,0,0,-1.225553896301625
2823,2885,model3,-0.5197403578551671,0.4802596421448329,0.12399140968584095,0.9647060557332636,0.1802533333333334,-0.520829567466044,0.0012221113584541731,-0.05141103523745155,0,0,0,0,0,0,0,0,0,0.0,0.0,0,0,0,0,0,0,-0.5208438952854663
2823,2887,model3,-0.3695470155089145,0.6304529844910856,0.05294751674394073,7.184810537244455,0.4749733333333335,0.40056685511151374,0.0010775893118293589,-0.16017508705534791,0,0,0,0,0,0,0,0,0,0.0,0.0,0,0,0,0,0,0,0.400530786190583
2823,2892,model3,-0.2105599201184432,0.7894400798815568,0.049066981211176725,1.0179255951724155,0.17339999999999972,1.5543568179494414,0.0009046095392602873,0.6316719601056406,0,0,0,0,0,0,0,0,0,0.0,0.0,0,0,0,0,0,0,1.5543203430441526
2823,2903,model3,-0.2530312219479344,0.7469687780520657,0.1212812130579547,1.8344602673255912,0.31503999999999976,1.3184059124819785,0.0007847937336123656,-0.4115742573902248,0,0,0,0,0,0,0,0,0,0.0,0.0,0,0,0,0,0,0,1.3184079607733366
2823,9904,model3,0.5346341088139753,0.4653658911860246,0.059747709613804,2.3162139068896592,0.2943333333333332,3.445528873695089,0.0005706640060815433,-0.01317960399769838,0,0,0,0,0,0,0,0,0,0.0,0.0,0,0,0,0,0,0,3.445538273512932
2881,2885,model3,-0.5571571339709703,0.4428428660290297,0.11162092218467498,1.7621699646997533,0.3077333333333335,-0.9481307417636894,0.0009756410673685123,-0.1393126509547319,0,0,0,0,0,0,0,0,0,0.0,0.0,0,0,0,0,0,0,-0.9481390059969719
2881,2887,model3,-0.3634842937727286,0.6365157062272714,0.1119622253392408,5.812522250327063,0.5270266666666674,0.2924357330897651,0.001084069496803834,-0.3077107873349333,0,0,0,0,0,0,0,0,0,0.0,0.0,0,0,0,0,0,0,0.29242766844648876
2881,6176,model3,0.33200178793096563,0.6679982120690343,0.03220215625921646,0.2219427409063293,0.11150666666666667,3.8084655113349286,0.0013634716894933851,0.6034360026504137,0,0,0,0,0,0,0,0,0,0.0,0.0,0,0,0,0,0,0,3.8083508576497622
2881,9910,model3,0.6591761655716604,0.3408238344283397,0.11886618855429135,0.5419357968410596,0.20027999999999996,4.031622703477007,0.0008865727449173137,0.38136963489916026,0,0,0,0,0,0,0,0,0,0.0,0.0,0,0,0,0,0,0,4.031686961422238
2882,2884,model3,-0.7494389087989333,0.2505610912010668,0.008730265836426894,0.2477521805827824,0.057560000000000014,-1.917782367918744,0.0009058694026055367,-0.29989539733911946,0,0,0,0,0,0,0,0,0,0.0,0.0,0,0,0,0,0,0,-1.9175741815915344
2882,2887,model3,-0.3700192092003729,0.6299807907996271,0.014765176690849672,4.473582738549147,0.460693333333333,0.2736829355209717,0.001102980896796076,-0.4724762156411158,0,0,0,0,0,0,0,0,0,0.0,0.0,0,0,0,0,0,0,0.2736623743674586
2882,2903,model3,-0.23210975737021425,0.7678902426297859,0.008018338859336586,1.163487627063711,0.19394666666666646,1.3669809588533934,0.0009046223093776317,-0.6150370628792202,0,0,0,0,0,0,0,0,0,0.0,0.0,0,0,0,0,0,0,1.3669230082151815
2882,6505,model3,0.3313550907761484,0.6686449092238517,0.0025878667589476056,0.08760327390811612,0.0334666666666665,4.148576151871435,0.001335899402104058,-1.0134899327409113,0,0,0,0,0,0,0,0,0,0.0,0.0,0,0,0,0,0,0,4.148958560563525
2882,9910,model3,0.6533736284928692,0.3466263715071308,0.040831556976543726,0.5873696379747304,0.1464133333333334,4.001872291002849,0.0009645132252718199,-0.0718388216586025,0,0,0,0,0,0,0,0,0,0.0,0.0,0,0,0,0,0,0,4.001910514843109
2883,2885,model3,-0.5254633412717241,0.4745366587282758,0.2056123686372904,1.1764187805462183,0.1974399999999998,0.061256301471053924,0.00112176697095654,-0.17111949259245274,0,0,0,0,0,0,0,0,0,0.0,0.0,0,0,0,0,0,0,0.06124986218268329
2883,2892,model3,-0.19207124415259075,0.8079287558474093,0.1989617365123094,0.9751370666064324,0.13721333333333335,1.8900667626433303,0.0009368626598057283,0.7186406507555613,0,0,0,0,0,0,0,0,0,0.0,0.0,0,0,0,0,0,0,1.8900237479817945
2883,3702,model3,0.4576642222373329,0.5423357777626671,0.20927611004010252,0.4267367683557717,0.1383333333333334,2.8981138831138407,0.0007112973044145972,0.04793706792678061,0,0,0,0,0,0,0,0,0,0.0,0.0,0,0,0,0,0,0,2.8980760517367488
2880,2882,model3,-0.6796522560009651,0.3203477439990349,0.010510453381752232,0.39757192799325497,0.1390266666666668,-0.7783667580272835,0.0011548843153151866,0.4866843399261946,0,0,0,0,0,0,0,0,0,0.0,0.0,0,0,0,0,0,0,-0.7786636126963623
2880,2883,model3,-0.648582905417449,0.3514170945825511,0.22397917887889052,0.6990652340752641,0.1184266666666667,-1.1098428365103512,0.0010010931486493157,0.3468080705864046,0,0,0,0,0,0,0,0,0,0.0,0.0,0,0,0,0,0,0,-1.1099557032400265
2880,2884,model3,-0.752110914072807,0.24788908592719305,0.0354381451647844,0.3211193894644903,0.07250666666666665,-1.3916298521384376,0.0015085824432333381,0.07839397522492357,0,0,0,0,0,0,0,0,0,0.0,0.0,0,0,0,0,0,0,-1.3920586289283858
2880,2885,model3,-0.6385081610141055,0.3614918389858945,0.032799117673378085,0.7428885604658788,0.13503999999999994,-0.9357160710601724,0.0012848846690020556,-0.15364981479680134,0,0,0,0,0,0,0,0,0,0.0,0.0,0,0,0,0,0,0,-0.935793730658105
2880,2892,model2,-0.1817478470492044,0.8182521529507956,0.11826805358419612,0.6727700906224692,0.09905333333333337,1.7980842165766948,0.0010045364314825694,0.4864900540247319,0,0,0,0,0,0,0,0,0,0.0,0.0,0,0,0,0,0,0,1.7979673594326624
2880,6505,model3,0.4464867916795296,0.5535132083204705,0.0043611846136866,0.1276178675503767,0.03623999999999991,3.7199957597622846,0.0014933155772110002,-0.7756404011471146,0,0,0,0,0,0,0,0,0,0.0,0.0,0,0,0,0,0,0,3.7205665394491176
2880,9910,model3,0.757713282849925,0.2422867171500749,0.0911492619181047,0.6312610305696179,0.1300666666666665,3.313286746173388,0.0012147084027160776,-0.13166738153507854,0,0,0,0,0,0,0,0,0,0.0,0.0,0,0,0,0,0,0,3.3134788819038787
2885,2887,model1,0.5137037844370369,-0.4862962155629632,0.8055920609451138,0.9690477824485696,0.15137333333333314,2.731675809170072e-05,0.0017004867328257024,0.3353489374647257,0,0,0,0,0,0,0,0,0,0.0,0.0,0,0,0,0,0,0,2.7403263316767166e-16
2885,3702,model3,-0.4858552801279298,-0.5141447198720701,0.08655001793632983,0.554482060433924,0.09487999999999998,-3.021431910149757,0.0014010672833744086,-0.22872119296479745,0,0,0,0,0,0,0,0,0,0.0,0.0,0,0,0,0,0,0,-3.0213915036055647
2885,4904,model1,0.6483110975126819,-0.35168890248731816,0.9564822254655744,0.24479873774083746,0.025333333333333218,0.00016441126082139768,0.002416017183863038,0.3895472866034149,0,0,0,0,0,0,0,0,0,0.0,0.0,0,0,0,0,0,0,3.1396690490748275e-16
2885,6176,model1,0.6225034066783117,-0.3774965933216884,0.9584250325068788,0.19331835577629114,0.030159999999999836,0.00017556189093987482,0.0026254890753358803,0.45089318942241297,0,0,0,0,0,0,0,0,0,0.0,0.0,0,0,0,0,0,0,4.3763284818726025e-13
2885,6285,model3,-0.6364994846273974,0.3635005153726026,0.6262465145793158,0.7823407338059818,0.08826666666666662,0.0883660280418759,0.0016160585599873706,0.15808239274705582,0,0,0,0,0,0,0,0,0,0.0,0.0,0,0,0,0,0,0,0.08836615545624774
2885,6505,model3,0.4873993749476829,0.5126006250523172,0.001989156703605073,0.9322115689431354,0.16353333333333328,3.4408481936449866,0.0012765181514352818,-0.11735494352341518,0,0,0,0,0,0,0,0,0,0.0,0.0,0,0,0,0,0,0,3.440877927045679
2885,9910,model3,0.6185967476048978,0.3814032523951022,0.02310131833740009,1.6729032256379186,0.2593066666666669,3.3330421353621373,0.001493162060160181,-0.2341581681503277,0,0,0,0,0,0,0,0,0,0.0,0.0,0,0,0,0,0,0,3.3330602421851756
2886,6505,model3,0.5012785945942215,0.4987214054057785,0.004718840774910524,0.4469338726129361,0.17138666666666652,3.8108384746703967,0.0006703324908971291,-0.96022327536186,0,0,0,0,0,0,0,0,0,0.0,0.0,0,0,0,0,0,0,3.8109059330311923
2888,4904,model2,0.22901062958950025,-0.7709893704104999,0.4434613975027229,0.4584446082811265,0.05924000000000002,-2.957883425749516,0.00044973162120573007,-0.23591337779269814,0,0,0,0,0,0,0,0,0,0.0,0.0,0,0,0,0,0,0,-2.957878998981994
2888,6176,model3,-0.35859888467683143,0.6414011153231685,0.024540447519750427,0.2218369054039708,0.07127999999999989,1.8576003990618557,0.001312305458782561,-0.6967899251647411,0,0,0,0,0,0,0,0,0,0.0,0.0,0,0,0,0,0,0,1.8575787873264364
2884,2885,model3,-0.3577813219778893,0.6422186780221107,0.015602671047159126,1.4287675055130595,0.2397733333333333,0.4834150399957995,0.0015245292400943731,0.04002973763221858,0,0,0,0,0,0,0,0,0,0.0,0.0,0,0,0,0,0,0,0.4834229774901672
2884,2887,model3,-0.1835269247525263,0.8164730752474737,0.01409241754513958,3.3350591073392577,0.4436266666666664,1.5142880459646058,0.0014650728560578227,-0.06453983161528243,0,0,0,0,0,0,0,0,0,0.0,0.0,0,0,0,0,0,0,1.5142837505285787
2884,6176,model3,0.2924868885134777,0.7075131114865223,0.022172816575176245,0.14150942916340373,0.09440000000000008,3.6234362128051623,0.0018263152145863192,1.2196099096308222,0,0,0,0,0,0,0,0,0,0.0,0.0,0,0,0,0,0,0,3.623137628727563
2884,9910,model3,0.4595049464766415,0.5404950535233586,0.015178040647388412,0.4464336251864585,0.09644000000000012,3.979376768328743,0.001587851534046814,0.220074153344966,0,0,0,0,0,0,0,0,0,0.0,0.0,0,0,0,0,0,0,3.9794624733761643
2887,4904,model1,0.6356962011907696,-0.3643037988092304,0.9542719608838452,0.8459024945745575,0.21936000000000005,3.5417429944467984e-05,0.0014336433049232506,0.30052806245354746,0,0,0,0,0,0,0,0,0,0.0,0.0,0,0,0,0,0,0,-2.278002071634632e-16
2887,6176,model1,0.6095187329516204,-0.3904812670483795,0.9582343478439312,0.5040552743423168,0.08942666666666656,4.181434450322374e-05,0.0017138555124805708,0.46452324865702205,0,0,0,0,0,0,0,0,0,0.0,0.0,0,0,0,0,0,0,-3.1733773549609743e-16
2887,6505,model3,-0.7218152776551857,-0.2781847223448143,0.0015099270728602082,2.0078744159561968,0.2922266666666663,-3.0503325797497896,0.0013648919888049884,-0.008507162872773191,0,0,0,0,0,0,0,0,0,0.0,0.0,0,0,0,0,0,0,-3.050334159011526
2887,9904,model3,-0.667767666754667,-0.332232333245333,0.04216456922594047,6.148176689762023,0.5261866666666671,-2.9152216016524237,0.001112564142103855,0.22308007255796694,0,0,0,0,0,0,0,0,0,0.0,0.0,0,0,0,0,0,0,-2.9152182373430446
2887,9910,model3,-0.7928664586853282,-0.2071335413146717,0.016289053170050898,3.2933559073780136,0.4518400000000001,-3.0017094256008234,0.0014206889049200838,0.2871871557215785,0,0,0,0,0,0,0,0,0,0.0,0.0,0,0,0,0,0,0,-3.001708826042578
2892,4904,model1,0.6081309333176574,-0.3918690666823425,0.9225103661113656,0.3696410215956517,0.053120000000000014,3.1380244247139666e-05,0.0009160585760074825,0.4830072472192789,0,0,0,0,0,0,0,0,0,0.0,0.0,0,0,0,0,0,0,-1.2836181664333265e-16
2892,9910,model3,-0.858393289831343,-0.14160671016865695,0.017391022892011825,1.6151006977871405,0.23495999999999986,-3.1140102168669666,0.0008979526236124332,-0.40102151774165773,0,0,0,0,0,0,0,0,0,0.0,0.0,0,0,0,0,0,0,-3.1140135291189623
3034,4904,model3,-0.3815484167416517,-0.6184515832583484,0.0070077982274227004,0.2251134391399156,0.0516666666666667,-4.5340440797800845,0.0014823084279756268,-1.090532958871775,0,0,0,0,0,0,0,0,0,0.0,0.0,0,0,0,0,0,0,-4.533723573956029
3481,6176,model2,0.24657028593347066,-0.7534297140665294,0.23891025542347585,0.2361923471148081,0.060519999999999935,-2.36344913315944,0.0016261976583902928,0.6076218419549811,0,0,0,0,0,0,0,0,0,0.0,0.0,0,0,0,0,0,0,-2.3635242658289703
4904,6176,model2,0.7388452284226329,-0.2611547715773671,0.3846363151013346,0.628988299876982,0.11990666666666665,2.2123465154032647,0.0005571224435130506,0.4023078351115297,0,0,0,0,0,0,0,0,0,0.0,0.0,0,0,0,0,0,0,2.2123396160850617
4904,6505,model3,-0.5480238973332969,0.4519761026667031,0.011748229710282821,0.040823896011386376,0.039999999999999716,-0.3867715448172418,0.00126464615176735,-1.559708744508782,0,0,0,0,0,0,0,0,0,0.0,0.0,0,0,0,0,0,0,-0.38626202983274205
4904,9910,model3,-0.8701016083201636,0.1298983916798363,0.0703223556304624,0.20947030042151454,0.09090666666666666,-3.1754002533294967,0.0007295230300310831,-0.9337735008028752,0,0,0,0,0,0,0,0,0,0.0,0.0,0,0,0,0,0,0,-3.1752758930235974
6176,6505,model3,-0.5119380213963799,0.4880619786036201,0.043752092267432235,0.14952139770837528,0.33333333333333265,0.16837400194208166,0.0013797157781483466,-2.397800519618688,0,0,0,0,0,0,0,0,0,0.0,0.0,0,0,0,0,0,0,0.168658637821873
6176,9910,model3,-0.6966358089776807,0.3033641910223193,0.061927536641914485,0.2502409919109387,0.12721333333333332,-1.2465829348121609,0.0015070538053232215,-1.6783682114176188,0,0,0,0,0,0,0,0,0,0.0,0.0,0,0,0,0,0,0,-1.2463585731429307
9904,9910,model3,-0.6213124184122943,0.3786875815877057,0.05114100449520824,0.5129452748044295,0.13104000000000002,-0.4677393781601037,0.0010820969161118405,-0.00255399925097596,0,0,0,0,0,0,0,0,0,0.0,0.0,0,0,0,0,0,0,-0.4676868129351381
6505,9904,model3,-0.5645019854357183,0.4354980145642818,0.0028562796633719023,0.17264884893794633,0.07265333333333332,-0.8893871982724596,0.000942608725012198,-0.19686345043259126,0,0,0,0,0,0,0,0,0,0.0,0.0,0,0,0,0,0,0,-0.8895438902496606
6505,9910,model3,-0.6862360413110239,0.3137639586889761,0.006874285937344243,0.2622421232840541,0.09346666666666656,-1.523274730737195,0.0011598614867147387,-0.18893410972088034,0,0,0,0,0,0,0,0,0,0.0,0.0,0,0,0,0,0,0,-1.523342872558715
6285,9910,model3,0.5002218730386491,0.4997781269613509,0.6372418369048198,0.6938847292585724,0.1124000000000001,4.644273183859673,0.001174902718595901,0.2073537771149338,0,0,0,0,0,0,0,0,0,0.0,0.0,0,0,0,0,0,0,4.644309310506083
